{
	"credit": "Made with Blockbench",
	"texture_size": [32, 32],
	"textures": {
		"1": "money",
		"particle": "block/texture"
	},
	"elements": [
		{
			"name": "money_0",
			"from": [6.5, 0, 4.25],
			"to": [6.75, 0.25, 12.75],
			"rotation": {"angle": 22.5, "axis": "y", "origin": [0, 0, 0]},
			"faces": {
				"north": {"uv": [9.75, 2.25, 9.5, 2.5], "texture": "#1"},
				"east": {"uv": [9.5, 2.25, 9.75, 10.75], "rotation": 90, "texture": "#1"},
				"south": {"uv": [9.5, 10.5, 9.75, 10.75], "texture": "#1"},
				"west": {"uv": [9.5, 2.25, 9.75, 10.75], "rotation": 270, "texture": "#1"},
				"up": {"uv": [9.5, 2.25, 9.75, 10.75], "texture": "#1"},
				"down": {"uv": [9.5, 10.75, 9.75, 2.25], "texture": "#1"}
			}
		},
		{
			"name": "money_1",
			"from": [6.75, 0, 4.5],
			"to": [7, 0.25, 12.5],
			"rotation": {"angle": 22.5, "axis": "y", "origin": [0, 0, 0]},
			"faces": {
				"north": {"uv": [10, 2.5, 9.75, 2.75], "texture": "#1"},
				"east": {"uv": [9.75, 2.5, 10, 10.5], "rotation": 90, "texture": "#1"},
				"south": {"uv": [9.75, 10.25, 10, 10.5], "texture": "#1"},
				"west": {"uv": [9.75, 2.5, 10, 10.5], "rotation": 270, "texture": "#1"},
				"up": {"uv": [9.75, 2.5, 10, 10.5], "texture": "#1"},
				"down": {"uv": [9.75, 10.5, 10, 2.5], "texture": "#1"}
			}
		},
		{
			"name": "money_2",
			"from": [6.25, 0, 4.75],
			"to": [6.5, 0.25, 12.75],
			"rotation": {"angle": 22.5, "axis": "y", "origin": [0, 0, 0]},
			"faces": {
				"north": {"uv": [9.5, 2.75, 9.25, 3], "texture": "#1"},
				"east": {"uv": [9.25, 2.75, 9.5, 10.75], "rotation": 90, "texture": "#1"},
				"south": {"uv": [9.25, 10.5, 9.5, 10.75], "texture": "#1"},
				"west": {"uv": [9.25, 2.75, 9.5, 10.75], "rotation": 270, "texture": "#1"},
				"up": {"uv": [9.25, 2.75, 9.5, 10.75], "texture": "#1"},
				"down": {"uv": [9.25, 10.75, 9.5, 2.75], "texture": "#1"}
			}
		},
		{
			"name": "money_3",
			"from": [7, 0, 4.75],
			"to": [7.25, 0.25, 12.25],
			"rotation": {"angle": 22.5, "axis": "y", "origin": [0, 0, 0]},
			"faces": {
				"north": {"uv": [10.25, 2.75, 10, 3], "texture": "#1"},
				"east": {"uv": [10, 2.75, 10.25, 10.25], "rotation": 90, "texture": "#1"},
				"south": {"uv": [10, 10, 10.25, 10.25], "texture": "#1"},
				"west": {"uv": [10, 2.75, 10.25, 10.25], "rotation": 270, "texture": "#1"},
				"up": {"uv": [10, 2.75, 10.25, 10.25], "texture": "#1"},
				"down": {"uv": [10, 10.25, 10.25, 2.75], "texture": "#1"}
			}
		},
		{
			"name": "money_4",
			"from": [6, 0, 5],
			"to": [6.25, 0.25, 12.75],
			"rotation": {"angle": 22.5, "axis": "y", "origin": [0, 0, 0]},
			"faces": {
				"north": {"uv": [9.25, 3, 9, 3.25], "texture": "#1"},
				"east": {"uv": [9, 3, 9.25, 10.75], "rotation": 90, "texture": "#1"},
				"south": {"uv": [9, 10.5, 9.25, 10.75], "texture": "#1"},
				"west": {"uv": [9, 3, 9.25, 10.75], "rotation": 270, "texture": "#1"},
				"up": {"uv": [9, 3, 9.25, 10.75], "texture": "#1"},
				"down": {"uv": [9, 10.75, 9.25, 3], "texture": "#1"}
			}
		},
		{
			"name": "money_5",
			"from": [7.25, 0, 5],
			"to": [7.5, 0.25, 12.25],
			"rotation": {"angle": 22.5, "axis": "y", "origin": [0, 0, 0]},
			"faces": {
				"north": {"uv": [10.5, 3, 10.25, 3.25], "texture": "#1"},
				"east": {"uv": [10.25, 3, 10.5, 10.25], "rotation": 90, "texture": "#1"},
				"south": {"uv": [10.25, 10, 10.5, 10.25], "texture": "#1"},
				"west": {"uv": [10.25, 3, 10.5, 10.25], "rotation": 270, "texture": "#1"},
				"up": {"uv": [10.25, 3, 10.5, 10.25], "texture": "#1"},
				"down": {"uv": [10.25, 10.25, 10.5, 3], "texture": "#1"}
			}
		},
		{
			"name": "money_6",
			"from": [5.75, 0, 5.25],
			"to": [6, 0.25, 13],
			"rotation": {"angle": 22.5, "axis": "y", "origin": [0, 0, 0]},
			"faces": {
				"north": {"uv": [9, 3.25, 8.75, 3.5], "texture": "#1"},
				"east": {"uv": [8.75, 3.25, 9, 11], "rotation": 90, "texture": "#1"},
				"south": {"uv": [8.75, 10.75, 9, 11], "texture": "#1"},
				"west": {"uv": [8.75, 3.25, 9, 11], "rotation": 270, "texture": "#1"},
				"up": {"uv": [8.75, 3.25, 9, 11], "texture": "#1"},
				"down": {"uv": [8.75, 11, 9, 3.25], "texture": "#1"}
			}
		},
		{
			"name": "money_7",
			"from": [7.5, 0, 5.25],
			"to": [7.75, 0.25, 12.25],
			"rotation": {"angle": 22.5, "axis": "y", "origin": [0, 0, 0]},
			"faces": {
				"north": {"uv": [10.75, 3.25, 10.5, 3.5], "texture": "#1"},
				"east": {"uv": [10.5, 3.25, 10.75, 10.25], "rotation": 90, "texture": "#1"},
				"south": {"uv": [10.5, 10, 10.75, 10.25], "texture": "#1"},
				"west": {"uv": [10.5, 3.25, 10.75, 10.25], "rotation": 270, "texture": "#1"},
				"up": {"uv": [10.5, 3.25, 10.75, 10.25], "texture": "#1"},
				"down": {"uv": [10.5, 10.25, 10.75, 3.25], "texture": "#1"}
			}
		},
		{
			"name": "money_8",
			"from": [5.5, 0, 5.5],
			"to": [5.75, 0.25, 13.25],
			"rotation": {"angle": 22.5, "axis": "y", "origin": [0, 0, 0]},
			"faces": {
				"north": {"uv": [8.75, 3.5, 8.5, 3.75], "texture": "#1"},
				"east": {"uv": [8.5, 3.5, 8.75, 11.25], "rotation": 90, "texture": "#1"},
				"south": {"uv": [8.5, 11, 8.75, 11.25], "texture": "#1"},
				"west": {"uv": [8.5, 3.5, 8.75, 11.25], "rotation": 270, "texture": "#1"},
				"up": {"uv": [8.5, 3.5, 8.75, 11.25], "texture": "#1"},
				"down": {"uv": [8.5, 11.25, 8.75, 3.5], "texture": "#1"}
			}
		},
		{
			"name": "money_9",
			"from": [7.75, 0, 5.5],
			"to": [8, 0.25, 12],
			"rotation": {"angle": 22.5, "axis": "y", "origin": [0, 0, 0]},
			"faces": {
				"north": {"uv": [11, 3.5, 10.75, 3.75], "texture": "#1"},
				"east": {"uv": [10.75, 3.5, 11, 10], "rotation": 90, "texture": "#1"},
				"south": {"uv": [10.75, 9.75, 11, 10], "texture": "#1"},
				"west": {"uv": [10.75, 3.5, 11, 10], "rotation": 270, "texture": "#1"},
				"up": {"uv": [10.75, 3.5, 11, 10], "texture": "#1"},
				"down": {"uv": [10.75, 10, 11, 3.5], "texture": "#1"}
			}
		},
		{
			"name": "money_10",
			"from": [4.75, 0, 5.75],
			"to": [5.5, 0.25, 13.25],
			"rotation": {"angle": 22.5, "axis": "y", "origin": [0, 0, 0]},
			"faces": {
				"north": {"uv": [8.5, 3.75, 7.75, 4], "texture": "#1"},
				"east": {"uv": [8.25, 3.75, 8.5, 11.25], "rotation": 90, "texture": "#1"},
				"south": {"uv": [7.75, 11, 8.5, 11.25], "texture": "#1"},
				"west": {"uv": [7.75, 3.75, 8, 11.25], "rotation": 270, "texture": "#1"},
				"up": {"uv": [7.75, 3.75, 8.5, 11.25], "texture": "#1"},
				"down": {"uv": [7.75, 11.25, 8.5, 3.75], "texture": "#1"}
			}
		},
		{
			"name": "money_11",
			"from": [8, 0, 5.75],
			"to": [8.25, 0.25, 11.75],
			"rotation": {"angle": 22.5, "axis": "y", "origin": [0, 0, 0]},
			"faces": {
				"north": {"uv": [11.25, 3.75, 11, 4], "texture": "#1"},
				"east": {"uv": [11, 3.75, 11.25, 9.75], "rotation": 90, "texture": "#1"},
				"south": {"uv": [11, 9.5, 11.25, 9.75], "texture": "#1"},
				"west": {"uv": [11, 3.75, 11.25, 9.75], "rotation": 270, "texture": "#1"},
				"up": {"uv": [11, 3.75, 11.25, 9.75], "texture": "#1"},
				"down": {"uv": [11, 9.75, 11.25, 3.75], "texture": "#1"}
			}
		},
		{
			"name": "money_12",
			"from": [4.5, 0, 6],
			"to": [4.75, 0.25, 13.75],
			"rotation": {"angle": 22.5, "axis": "y", "origin": [0, 0, 0]},
			"faces": {
				"north": {"uv": [7.75, 4, 7.5, 4.25], "texture": "#1"},
				"east": {"uv": [7.5, 4, 7.75, 11.75], "rotation": 90, "texture": "#1"},
				"south": {"uv": [7.5, 11.5, 7.75, 11.75], "texture": "#1"},
				"west": {"uv": [7.5, 4, 7.75, 11.75], "rotation": 270, "texture": "#1"},
				"up": {"uv": [7.5, 4, 7.75, 11.75], "texture": "#1"},
				"down": {"uv": [7.5, 11.75, 7.75, 4], "texture": "#1"}
			}
		},
		{
			"name": "money_13",
			"from": [8.25, 0, 6],
			"to": [8.5, 0.25, 11.5],
			"rotation": {"angle": 22.5, "axis": "y", "origin": [0, 0, 0]},
			"faces": {
				"north": {"uv": [11.5, 4, 11.25, 4.25], "texture": "#1"},
				"east": {"uv": [11.25, 4, 11.5, 9.5], "rotation": 90, "texture": "#1"},
				"south": {"uv": [11.25, 9.25, 11.5, 9.5], "texture": "#1"},
				"west": {"uv": [11.25, 4, 11.5, 9.5], "rotation": 270, "texture": "#1"},
				"up": {"uv": [11.25, 4, 11.5, 9.5], "texture": "#1"},
				"down": {"uv": [11.25, 9.5, 11.5, 4], "texture": "#1"}
			}
		},
		{
			"name": "money_14",
			"from": [4.25, 0, 6.25],
			"to": [4.5, 0.25, 14],
			"rotation": {"angle": 22.5, "axis": "y", "origin": [0, 0, 0]},
			"faces": {
				"north": {"uv": [7.5, 4.25, 7.25, 4.5], "texture": "#1"},
				"east": {"uv": [7.25, 4.25, 7.5, 12], "rotation": 90, "texture": "#1"},
				"south": {"uv": [7.25, 11.75, 7.5, 12], "texture": "#1"},
				"west": {"uv": [7.25, 4.25, 7.5, 12], "rotation": 270, "texture": "#1"},
				"up": {"uv": [7.25, 4.25, 7.5, 12], "texture": "#1"},
				"down": {"uv": [7.25, 12, 7.5, 4.25], "texture": "#1"}
			}
		},
		{
			"name": "money_15",
			"from": [8.5, 0, 6.25],
			"to": [8.75, 0.25, 11.25],
			"rotation": {"angle": 22.5, "axis": "y", "origin": [0, 0, 0]},
			"faces": {
				"north": {"uv": [11.75, 4.25, 11.5, 4.5], "texture": "#1"},
				"east": {"uv": [11.5, 4.25, 11.75, 9.25], "rotation": 90, "texture": "#1"},
				"south": {"uv": [11.5, 9, 11.75, 9.25], "texture": "#1"},
				"west": {"uv": [11.5, 4.25, 11.75, 9.25], "rotation": 270, "texture": "#1"},
				"up": {"uv": [11.5, 4.25, 11.75, 9.25], "texture": "#1"},
				"down": {"uv": [11.5, 9.25, 11.75, 4.25], "texture": "#1"}
			}
		},
		{
			"name": "money_16",
			"from": [4, 0, 6.5],
			"to": [4.25, 0.25, 14.25],
			"rotation": {"angle": 22.5, "axis": "y", "origin": [0, 0, 0]},
			"faces": {
				"north": {"uv": [7.25, 4.5, 7, 4.75], "texture": "#1"},
				"east": {"uv": [7, 4.5, 7.25, 12.25], "rotation": 90, "texture": "#1"},
				"south": {"uv": [7, 12, 7.25, 12.25], "texture": "#1"},
				"west": {"uv": [7, 4.5, 7.25, 12.25], "rotation": 270, "texture": "#1"},
				"up": {"uv": [7, 4.5, 7.25, 12.25], "texture": "#1"},
				"down": {"uv": [7, 12.25, 7.25, 4.5], "texture": "#1"}
			}
		},
		{
			"name": "money_17",
			"from": [8.75, 0, 6.5],
			"to": [9, 0.25, 11.25],
			"rotation": {"angle": 22.5, "axis": "y", "origin": [0, 0, 0]},
			"faces": {
				"north": {"uv": [12, 4.5, 11.75, 4.75], "texture": "#1"},
				"east": {"uv": [11.75, 4.5, 12, 9.25], "rotation": 90, "texture": "#1"},
				"south": {"uv": [11.75, 9, 12, 9.25], "texture": "#1"},
				"west": {"uv": [11.75, 4.5, 12, 9.25], "rotation": 270, "texture": "#1"},
				"up": {"uv": [11.75, 4.5, 12, 9.25], "texture": "#1"},
				"down": {"uv": [11.75, 9.25, 12, 4.5], "texture": "#1"}
			}
		},
		{
			"name": "money_18",
			"from": [3.25, 0, 6.75],
			"to": [4, 0.25, 14.5],
			"rotation": {"angle": 22.5, "axis": "y", "origin": [0, 0, 0]},
			"faces": {
				"north": {"uv": [7, 4.75, 6.25, 5], "texture": "#1"},
				"east": {"uv": [6.75, 4.75, 7, 12.5], "rotation": 90, "texture": "#1"},
				"south": {"uv": [6.25, 12.25, 7, 12.5], "texture": "#1"},
				"west": {"uv": [6.25, 4.75, 6.5, 12.5], "rotation": 270, "texture": "#1"},
				"up": {"uv": [6.25, 4.75, 7, 12.5], "texture": "#1"},
				"down": {"uv": [6.25, 12.5, 7, 4.75], "texture": "#1"}
			}
		},
		{
			"name": "money_19",
			"from": [9, 0, 6.75],
			"to": [9.25, 0.25, 11.25],
			"rotation": {"angle": 22.5, "axis": "y", "origin": [0, 0, 0]},
			"faces": {
				"north": {"uv": [12.25, 4.75, 12, 5], "texture": "#1"},
				"east": {"uv": [12, 4.75, 12.25, 9.25], "rotation": 90, "texture": "#1"},
				"south": {"uv": [12, 9, 12.25, 9.25], "texture": "#1"},
				"west": {"uv": [12, 4.75, 12.25, 9.25], "rotation": 270, "texture": "#1"},
				"up": {"uv": [12, 4.75, 12.25, 9.25], "texture": "#1"},
				"down": {"uv": [12, 9.25, 12.25, 4.75], "texture": "#1"}
			}
		},
		{
			"name": "money_20",
			"from": [3, 0, 7],
			"to": [3.25, 0.25, 15.25],
			"rotation": {"angle": 22.5, "axis": "y", "origin": [0, 0, 0]},
			"faces": {
				"north": {"uv": [6.25, 5, 6, 5.25], "texture": "#1"},
				"east": {"uv": [6, 5, 6.25, 13.25], "rotation": 90, "texture": "#1"},
				"south": {"uv": [6, 13, 6.25, 13.25], "texture": "#1"},
				"west": {"uv": [6, 5, 6.25, 13.25], "rotation": 270, "texture": "#1"},
				"up": {"uv": [6, 5, 6.25, 13.25], "texture": "#1"},
				"down": {"uv": [6, 13.25, 6.25, 5], "texture": "#1"}
			}
		},
		{
			"name": "money_21",
			"from": [9.25, 0, 7],
			"to": [9.5, 0.25, 11],
			"rotation": {"angle": 22.5, "axis": "y", "origin": [0, 0, 0]},
			"faces": {
				"north": {"uv": [12.5, 5, 12.25, 5.25], "texture": "#1"},
				"east": {"uv": [12.25, 5, 12.5, 9], "rotation": 90, "texture": "#1"},
				"south": {"uv": [12.25, 8.75, 12.5, 9], "texture": "#1"},
				"west": {"uv": [12.25, 5, 12.5, 9], "rotation": 270, "texture": "#1"},
				"up": {"uv": [12.25, 5, 12.5, 9], "texture": "#1"},
				"down": {"uv": [12.25, 9, 12.5, 5], "texture": "#1"}
			}
		},
		{
			"name": "money_22",
			"from": [2.75, 0, 7.25],
			"to": [3, 0.25, 15.75],
			"rotation": {"angle": 22.5, "axis": "y", "origin": [0, 0, 0]},
			"faces": {
				"north": {"uv": [6, 5.25, 5.75, 5.5], "texture": "#1"},
				"east": {"uv": [5.75, 5.25, 6, 13.75], "rotation": 90, "texture": "#1"},
				"south": {"uv": [5.75, 13.5, 6, 13.75], "texture": "#1"},
				"west": {"uv": [5.75, 5.25, 6, 13.75], "rotation": 270, "texture": "#1"},
				"up": {"uv": [5.75, 5.25, 6, 13.75], "texture": "#1"},
				"down": {"uv": [5.75, 13.75, 6, 5.25], "texture": "#1"}
			}
		},
		{
			"name": "money_23",
			"from": [9.5, 0, 7.25],
			"to": [9.75, 0.25, 10.75],
			"rotation": {"angle": 22.5, "axis": "y", "origin": [0, 0, 0]},
			"faces": {
				"north": {"uv": [12.75, 5.25, 12.5, 5.5], "texture": "#1"},
				"east": {"uv": [12.5, 5.25, 12.75, 8.75], "rotation": 90, "texture": "#1"},
				"south": {"uv": [12.5, 8.5, 12.75, 8.75], "texture": "#1"},
				"west": {"uv": [12.5, 5.25, 12.75, 8.75], "rotation": 270, "texture": "#1"},
				"up": {"uv": [12.5, 5.25, 12.75, 8.75], "texture": "#1"},
				"down": {"uv": [12.5, 8.75, 12.75, 5.25], "texture": "#1"}
			}
		},
		{
			"name": "money_24",
			"from": [2.5, 0, 7.5],
			"to": [2.75, 0.25, 15.5],
			"rotation": {"angle": 22.5, "axis": "y", "origin": [0, 0, 0]},
			"faces": {
				"north": {"uv": [5.75, 5.5, 5.5, 5.75], "texture": "#1"},
				"east": {"uv": [5.5, 5.5, 5.75, 13.5], "rotation": 90, "texture": "#1"},
				"south": {"uv": [5.5, 13.25, 5.75, 13.5], "texture": "#1"},
				"west": {"uv": [5.5, 5.5, 5.75, 13.5], "rotation": 270, "texture": "#1"},
				"up": {"uv": [5.5, 5.5, 5.75, 13.5], "texture": "#1"},
				"down": {"uv": [5.5, 13.5, 5.75, 5.5], "texture": "#1"}
			}
		},
		{
			"name": "money_25",
			"from": [9.75, 0, 7.5],
			"to": [10, 0.25, 10.5],
			"rotation": {"angle": 22.5, "axis": "y", "origin": [0, 0, 0]},
			"faces": {
				"north": {"uv": [13, 5.5, 12.75, 5.75], "texture": "#1"},
				"east": {"uv": [12.75, 5.5, 13, 8.5], "rotation": 90, "texture": "#1"},
				"south": {"uv": [12.75, 8.25, 13, 8.5], "texture": "#1"},
				"west": {"uv": [12.75, 5.5, 13, 8.5], "rotation": 270, "texture": "#1"},
				"up": {"uv": [12.75, 5.5, 13, 8.5], "texture": "#1"},
				"down": {"uv": [12.75, 8.5, 13, 5.5], "texture": "#1"}
			}
		},
		{
			"name": "money_26",
			"from": [1.25, 0, 7.75],
			"to": [2.5, 0.25, 14.25],
			"rotation": {"angle": 22.5, "axis": "y", "origin": [0, 0, 0]},
			"faces": {
				"north": {"uv": [5.5, 5.75, 4.25, 6], "texture": "#1"},
				"east": {"uv": [5.25, 5.75, 5.5, 12.25], "rotation": 90, "texture": "#1"},
				"south": {"uv": [4.25, 12, 5.5, 12.25], "texture": "#1"},
				"west": {"uv": [4.25, 5.75, 4.5, 12.25], "rotation": 270, "texture": "#1"},
				"up": {"uv": [4.25, 5.75, 5.5, 12.25], "texture": "#1"},
				"down": {"uv": [4.25, 12.25, 5.5, 5.75], "texture": "#1"}
			}
		},
		{
			"name": "money_27",
			"from": [10, 0, 7.75],
			"to": [10.25, 0.25, 10.25],
			"rotation": {"angle": 22.5, "axis": "y", "origin": [0, 0, 0]},
			"faces": {
				"north": {"uv": [13.25, 5.75, 13, 6], "texture": "#1"},
				"east": {"uv": [13, 5.75, 13.25, 8.25], "rotation": 90, "texture": "#1"},
				"south": {"uv": [13, 8, 13.25, 8.25], "texture": "#1"},
				"west": {"uv": [13, 5.75, 13.25, 8.25], "rotation": 270, "texture": "#1"},
				"up": {"uv": [13, 5.75, 13.25, 8.25], "texture": "#1"},
				"down": {"uv": [13, 8.25, 13.25, 5.75], "texture": "#1"}
			}
		},
		{
			"name": "money_28",
			"from": [1, 0, 8],
			"to": [1.25, 0.25, 13.5],
			"rotation": {"angle": 22.5, "axis": "y", "origin": [0, 0, 0]},
			"faces": {
				"north": {"uv": [4.25, 6, 4, 6.25], "texture": "#1"},
				"east": {"uv": [4, 6, 4.25, 11.5], "rotation": 90, "texture": "#1"},
				"south": {"uv": [4, 11.25, 4.25, 11.5], "texture": "#1"},
				"west": {"uv": [4, 6, 4.25, 11.5], "rotation": 270, "texture": "#1"},
				"up": {"uv": [4, 6, 4.25, 11.5], "texture": "#1"},
				"down": {"uv": [4, 11.5, 4.25, 6], "texture": "#1"}
			}
		},
		{
			"name": "money_29",
			"from": [10.25, 0, 8],
			"to": [10.5, 0.25, 10.25],
			"rotation": {"angle": 22.5, "axis": "y", "origin": [0, 0, 0]},
			"faces": {
				"north": {"uv": [13.5, 6, 13.25, 6.25], "texture": "#1"},
				"east": {"uv": [13.25, 6, 13.5, 8.25], "rotation": 90, "texture": "#1"},
				"south": {"uv": [13.25, 8, 13.5, 8.25], "texture": "#1"},
				"west": {"uv": [13.25, 6, 13.5, 8.25], "rotation": 270, "texture": "#1"},
				"up": {"uv": [13.25, 6, 13.5, 8.25], "texture": "#1"},
				"down": {"uv": [13.25, 8.25, 13.5, 6], "texture": "#1"}
			}
		},
		{
			"name": "money_30",
			"from": [0.25, 0, 8.25],
			"to": [1, 0.25, 12.75],
			"rotation": {"angle": 22.5, "axis": "y", "origin": [0, 0, 0]},
			"faces": {
				"north": {"uv": [4, 6.25, 3.25, 6.5], "texture": "#1"},
				"east": {"uv": [3.75, 6.25, 4, 10.75], "rotation": 90, "texture": "#1"},
				"south": {"uv": [3.25, 10.5, 4, 10.75], "texture": "#1"},
				"west": {"uv": [3.25, 6.25, 3.5, 10.75], "rotation": 270, "texture": "#1"},
				"up": {"uv": [3.25, 6.25, 4, 10.75], "texture": "#1"},
				"down": {"uv": [3.25, 10.75, 4, 6.25], "texture": "#1"}
			}
		},
		{
			"name": "money_31",
			"from": [10.5, 0, 8.25],
			"to": [10.75, 0.25, 10.25],
			"rotation": {"angle": 22.5, "axis": "y", "origin": [0, 0, 0]},
			"faces": {
				"north": {"uv": [13.75, 6.25, 13.5, 6.5], "texture": "#1"},
				"east": {"uv": [13.5, 6.25, 13.75, 8.25], "rotation": 90, "texture": "#1"},
				"south": {"uv": [13.5, 8, 13.75, 8.25], "texture": "#1"},
				"west": {"uv": [13.5, 6.25, 13.75, 8.25], "rotation": 270, "texture": "#1"},
				"up": {"uv": [13.5, 6.25, 13.75, 8.25], "texture": "#1"},
				"down": {"uv": [13.5, 8.25, 13.75, 6.25], "texture": "#1"}
			}
		},
		{
			"name": "money_32",
			"from": [0, 0, 8.5],
			"to": [0.25, 0.25, 12.5],
			"rotation": {"angle": 22.5, "axis": "y", "origin": [0, 0, 0]},
			"faces": {
				"north": {"uv": [3.25, 6.5, 3, 6.75], "texture": "#1"},
				"east": {"uv": [3, 6.5, 3.25, 10.5], "rotation": 90, "texture": "#1"},
				"south": {"uv": [3, 10.25, 3.25, 10.5], "texture": "#1"},
				"west": {"uv": [3, 6.5, 3.25, 10.5], "rotation": 270, "texture": "#1"},
				"up": {"uv": [3, 6.5, 3.25, 10.5], "texture": "#1"},
				"down": {"uv": [3, 10.5, 3.25, 6.5], "texture": "#1"}
			}
		},
		{
			"name": "money_33",
			"from": [10.75, 0, 8.5],
			"to": [11, 0.25, 10],
			"rotation": {"angle": 22.5, "axis": "y", "origin": [0, 0, 0]},
			"faces": {
				"north": {"uv": [14, 6.5, 13.75, 6.75], "texture": "#1"},
				"east": {"uv": [13.75, 6.5, 14, 8], "rotation": 90, "texture": "#1"},
				"south": {"uv": [13.75, 7.75, 14, 8], "texture": "#1"},
				"west": {"uv": [13.75, 6.5, 14, 8], "rotation": 270, "texture": "#1"},
				"up": {"uv": [13.75, 6.5, 14, 8], "texture": "#1"},
				"down": {"uv": [13.75, 8, 14, 6.5], "texture": "#1"}
			}
		},
		{
			"name": "money_34",
			"from": [-0.25, 0, 8.75],
			"to": [0, 0.25, 12.25],
			"rotation": {"angle": 22.5, "axis": "y", "origin": [0, 0, 0]},
			"faces": {
				"north": {"uv": [3, 6.75, 2.75, 7], "texture": "#1"},
				"east": {"uv": [2.75, 6.75, 3, 10.25], "rotation": 90, "texture": "#1"},
				"south": {"uv": [2.75, 10, 3, 10.25], "texture": "#1"},
				"west": {"uv": [2.75, 6.75, 3, 10.25], "rotation": 270, "texture": "#1"},
				"up": {"uv": [2.75, 6.75, 3, 10.25], "texture": "#1"},
				"down": {"uv": [2.75, 10.25, 3, 6.75], "texture": "#1"}
			}
		},
		{
			"name": "money_35",
			"from": [11, 0, 8.75],
			"to": [11.25, 0.25, 9.75],
			"rotation": {"angle": 22.5, "axis": "y", "origin": [0, 0, 0]},
			"faces": {
				"north": {"uv": [14.25, 6.75, 14, 7], "texture": "#1"},
				"east": {"uv": [14, 6.75, 14.25, 7.75], "rotation": 90, "texture": "#1"},
				"south": {"uv": [14, 7.5, 14.25, 7.75], "texture": "#1"},
				"west": {"uv": [14, 6.75, 14.25, 7.75], "rotation": 270, "texture": "#1"},
				"up": {"uv": [14, 6.75, 14.25, 7.75], "texture": "#1"},
				"down": {"uv": [14, 7.75, 14.25, 6.75], "texture": "#1"}
			}
		},
		{
			"name": "money_36",
			"from": [-0.5, 0, 9],
			"to": [-0.25, 0.25, 12],
			"rotation": {"angle": 22.5, "axis": "y", "origin": [0, 0, 0]},
			"faces": {
				"north": {"uv": [2.75, 7, 2.5, 7.25], "texture": "#1"},
				"east": {"uv": [2.5, 7, 2.75, 10], "rotation": 90, "texture": "#1"},
				"south": {"uv": [2.5, 9.75, 2.75, 10], "texture": "#1"},
				"west": {"uv": [2.5, 7, 2.75, 10], "rotation": 270, "texture": "#1"},
				"up": {"uv": [2.5, 7, 2.75, 10], "texture": "#1"},
				"down": {"uv": [2.5, 10, 2.75, 7], "texture": "#1"}
			}
		},
		{
			"name": "money_37",
			"from": [11.25, 0, 9],
			"to": [11.5, 0.25, 9.5],
			"rotation": {"angle": 22.5, "axis": "y", "origin": [0, 0, 0]},
			"faces": {
				"north": {"uv": [14.5, 7, 14.25, 7.25], "texture": "#1"},
				"east": {"uv": [14.25, 7, 14.5, 7.5], "rotation": 90, "texture": "#1"},
				"south": {"uv": [14.25, 7.25, 14.5, 7.5], "texture": "#1"},
				"west": {"uv": [14.25, 7, 14.5, 7.5], "rotation": 270, "texture": "#1"},
				"up": {"uv": [14.25, 7, 14.5, 7.5], "texture": "#1"},
				"down": {"uv": [14.25, 7.5, 14.5, 7], "texture": "#1"}
			}
		},
		{
			"name": "money_38",
			"from": [-0.75, 0, 9.25],
			"to": [-0.5, 0.25, 11.75],
			"rotation": {"angle": 22.5, "axis": "y", "origin": [0, 0, 0]},
			"faces": {
				"north": {"uv": [2.5, 7.25, 2.25, 7.5], "texture": "#1"},
				"east": {"uv": [2.25, 7.25, 2.5, 9.75], "rotation": 90, "texture": "#1"},
				"south": {"uv": [2.25, 9.5, 2.5, 9.75], "texture": "#1"},
				"west": {"uv": [2.25, 7.25, 2.5, 9.75], "rotation": 270, "texture": "#1"},
				"up": {"uv": [2.25, 7.25, 2.5, 9.75], "texture": "#1"},
				"down": {"uv": [2.25, 9.75, 2.5, 7.25], "texture": "#1"}
			}
		},
		{
			"name": "money_39",
			"from": [11.5, 0, 9.25],
			"to": [11.75, 0.25, 9.5],
			"rotation": {"angle": 22.5, "axis": "y", "origin": [0, 0, 0]},
			"faces": {
				"north": {"uv": [14.75, 7.25, 14.5, 7.5], "texture": "#1"},
				"east": {"uv": [14.5, 7.25, 14.75, 7.5], "rotation": 90, "texture": "#1"},
				"south": {"uv": [14.5, 7.25, 14.75, 7.5], "texture": "#1"},
				"west": {"uv": [14.5, 7.25, 14.75, 7.5], "rotation": 270, "texture": "#1"},
				"up": {"uv": [14.5, 7.25, 14.75, 7.5], "texture": "#1"},
				"down": {"uv": [14.5, 7.5, 14.75, 7.25], "texture": "#1"}
			}
		},
		{
			"name": "money_40",
			"from": [-1, 0, 9.5],
			"to": [-0.75, 0.25, 11.75],
			"rotation": {"angle": 22.5, "axis": "y", "origin": [0, 0, 0]},
			"faces": {
				"north": {"uv": [2.25, 7.5, 2, 7.75], "texture": "#1"},
				"east": {"uv": [2, 7.5, 2.25, 9.75], "rotation": 90, "texture": "#1"},
				"south": {"uv": [2, 9.5, 2.25, 9.75], "texture": "#1"},
				"west": {"uv": [2, 7.5, 2.25, 9.75], "rotation": 270, "texture": "#1"},
				"up": {"uv": [2, 7.5, 2.25, 9.75], "texture": "#1"},
				"down": {"uv": [2, 9.75, 2.25, 7.5], "texture": "#1"}
			}
		},
		{
			"name": "money_41",
			"from": [-1.25, 0, 9.75],
			"to": [-1, 0.25, 11.75],
			"rotation": {"angle": 22.5, "axis": "y", "origin": [0, 0, 0]},
			"faces": {
				"north": {"uv": [2, 7.75, 1.75, 8], "texture": "#1"},
				"east": {"uv": [1.75, 7.75, 2, 9.75], "rotation": 90, "texture": "#1"},
				"south": {"uv": [1.75, 9.5, 2, 9.75], "texture": "#1"},
				"west": {"uv": [1.75, 7.75, 2, 9.75], "rotation": 270, "texture": "#1"},
				"up": {"uv": [1.75, 7.75, 2, 9.75], "texture": "#1"},
				"down": {"uv": [1.75, 9.75, 2, 7.75], "texture": "#1"}
			}
		},
		{
			"name": "money_42",
			"from": [-1.5, 0, 10],
			"to": [-1.25, 0.25, 11.5],
			"rotation": {"angle": 22.5, "axis": "y", "origin": [0, 0, 0]},
			"faces": {
				"north": {"uv": [1.75, 8, 1.5, 8.25], "texture": "#1"},
				"east": {"uv": [1.5, 8, 1.75, 9.5], "rotation": 90, "texture": "#1"},
				"south": {"uv": [1.5, 9.25, 1.75, 9.5], "texture": "#1"},
				"west": {"uv": [1.5, 8, 1.75, 9.5], "rotation": 270, "texture": "#1"},
				"up": {"uv": [1.5, 8, 1.75, 9.5], "texture": "#1"},
				"down": {"uv": [1.5, 9.5, 1.75, 8], "texture": "#1"}
			}
		},
		{
			"name": "money_43",
			"from": [-2, 0, 10.25],
			"to": [-1.5, 0.25, 11.25],
			"rotation": {"angle": 22.5, "axis": "y", "origin": [0, 0, 0]},
			"faces": {
				"north": {"uv": [1.5, 8.25, 1, 8.5], "texture": "#1"},
				"east": {"uv": [1.25, 8.25, 1.5, 9.25], "rotation": 90, "texture": "#1"},
				"south": {"uv": [1, 9, 1.5, 9.25], "texture": "#1"},
				"west": {"uv": [1, 8.25, 1.25, 9.25], "rotation": 270, "texture": "#1"},
				"up": {"uv": [1, 8.25, 1.5, 9.25], "texture": "#1"},
				"down": {"uv": [1, 9.25, 1.5, 8.25], "texture": "#1"}
			}
		},
		{
			"name": "money_44",
			"from": [0.5, 0, 12.75],
			"to": [1, 0.25, 13],
			"rotation": {"angle": 22.5, "axis": "y", "origin": [0, 0, 0]},
			"faces": {
				"north": {"uv": [4, 10.75, 3.5, 11], "texture": "#1"},
				"east": {"uv": [3.75, 10.75, 4, 11], "rotation": 90, "texture": "#1"},
				"south": {"uv": [3.5, 10.75, 4, 11], "texture": "#1"},
				"west": {"uv": [3.5, 10.75, 3.75, 11], "rotation": 270, "texture": "#1"},
				"up": {"uv": [3.5, 10.75, 4, 11], "texture": "#1"},
				"down": {"uv": [3.5, 11, 4, 10.75], "texture": "#1"}
			}
		},
		{
			"name": "money_45",
			"from": [0.75, 0, 13],
			"to": [1, 0.25, 13.25],
			"rotation": {"angle": 22.5, "axis": "y", "origin": [0, 0, 0]},
			"faces": {
				"north": {"uv": [4, 11, 3.75, 11.25], "texture": "#1"},
				"east": {"uv": [3.75, 11, 4, 11.25], "rotation": 90, "texture": "#1"},
				"south": {"uv": [3.75, 11, 4, 11.25], "texture": "#1"},
				"west": {"uv": [3.75, 11, 4, 11.25], "rotation": 270, "texture": "#1"},
				"up": {"uv": [3.75, 11, 4, 11.25], "texture": "#1"},
				"down": {"uv": [3.75, 11.25, 4, 11], "texture": "#1"}
			}
		},
		{
			"name": "money_46",
			"from": [4.75, 0, 13.25],
			"to": [5, 0.25, 13.5],
			"rotation": {"angle": 22.5, "axis": "y", "origin": [0, 0, 0]},
			"faces": {
				"north": {"uv": [8, 11.25, 7.75, 11.5], "texture": "#1"},
				"east": {"uv": [7.75, 11.25, 8, 11.5], "rotation": 90, "texture": "#1"},
				"south": {"uv": [7.75, 11.25, 8, 11.5], "texture": "#1"},
				"west": {"uv": [7.75, 11.25, 8, 11.5], "rotation": 270, "texture": "#1"},
				"up": {"uv": [7.75, 11.25, 8, 11.5], "texture": "#1"},
				"down": {"uv": [7.75, 11.5, 8, 11.25], "texture": "#1"}
			}
		},
		{
			"name": "money_47",
			"from": [1.5, 0, 14.25],
			"to": [2.5, 0.25, 14.5],
			"rotation": {"angle": 22.5, "axis": "y", "origin": [0, 0, 0]},
			"faces": {
				"north": {"uv": [5.5, 12.25, 4.5, 12.5], "texture": "#1"},
				"east": {"uv": [5.25, 12.25, 5.5, 12.5], "rotation": 90, "texture": "#1"},
				"south": {"uv": [4.5, 12.25, 5.5, 12.5], "texture": "#1"},
				"west": {"uv": [4.5, 12.25, 4.75, 12.5], "rotation": 270, "texture": "#1"},
				"up": {"uv": [4.5, 12.25, 5.5, 12.5], "texture": "#1"},
				"down": {"uv": [4.5, 12.5, 5.5, 12.25], "texture": "#1"}
			}
		},
		{
			"name": "money_48",
			"from": [1.75, 0, 14.5],
			"to": [2.5, 0.25, 14.75],
			"rotation": {"angle": 22.5, "axis": "y", "origin": [0, 0, 0]},
			"faces": {
				"north": {"uv": [5.5, 12.5, 4.75, 12.75], "texture": "#1"},
				"east": {"uv": [5.25, 12.5, 5.5, 12.75], "rotation": 90, "texture": "#1"},
				"south": {"uv": [4.75, 12.5, 5.5, 12.75], "texture": "#1"},
				"west": {"uv": [4.75, 12.5, 5, 12.75], "rotation": 270, "texture": "#1"},
				"up": {"uv": [4.75, 12.5, 5.5, 12.75], "texture": "#1"},
				"down": {"uv": [4.75, 12.75, 5.5, 12.5], "texture": "#1"}
			}
		},
		{
			"name": "money_49",
			"from": [3.25, 0, 14.5],
			"to": [3.75, 0.25, 14.75],
			"rotation": {"angle": 22.5, "axis": "y", "origin": [0, 0, 0]},
			"faces": {
				"north": {"uv": [6.75, 12.5, 6.25, 12.75], "texture": "#1"},
				"east": {"uv": [6.5, 12.5, 6.75, 12.75], "rotation": 90, "texture": "#1"},
				"south": {"uv": [6.25, 12.5, 6.75, 12.75], "texture": "#1"},
				"west": {"uv": [6.25, 12.5, 6.5, 12.75], "rotation": 270, "texture": "#1"},
				"up": {"uv": [6.25, 12.5, 6.75, 12.75], "texture": "#1"},
				"down": {"uv": [6.25, 12.75, 6.75, 12.5], "texture": "#1"}
			}
		},
		{
			"name": "money_50",
			"from": [2, 0, 14.75],
			"to": [2.5, 0.25, 15],
			"rotation": {"angle": 22.5, "axis": "y", "origin": [0, 0, 0]},
			"faces": {
				"north": {"uv": [5.5, 12.75, 5, 13], "texture": "#1"},
				"east": {"uv": [5.25, 12.75, 5.5, 13], "rotation": 90, "texture": "#1"},
				"south": {"uv": [5, 12.75, 5.5, 13], "texture": "#1"},
				"west": {"uv": [5, 12.75, 5.25, 13], "rotation": 270, "texture": "#1"},
				"up": {"uv": [5, 12.75, 5.5, 13], "texture": "#1"},
				"down": {"uv": [5, 13, 5.5, 12.75], "texture": "#1"}
			}
		},
		{
			"name": "money_51",
			"from": [3.25, 0, 14.75],
			"to": [3.5, 0.25, 15],
			"rotation": {"angle": 22.5, "axis": "y", "origin": [0, 0, 0]},
			"faces": {
				"north": {"uv": [6.5, 12.75, 6.25, 13], "texture": "#1"},
				"east": {"uv": [6.25, 12.75, 6.5, 13], "rotation": 90, "texture": "#1"},
				"south": {"uv": [6.25, 12.75, 6.5, 13], "texture": "#1"},
				"west": {"uv": [6.25, 12.75, 6.5, 13], "rotation": 270, "texture": "#1"},
				"up": {"uv": [6.25, 12.75, 6.5, 13], "texture": "#1"},
				"down": {"uv": [6.25, 13, 6.5, 12.75], "texture": "#1"}
			}
		},
		{
			"name": "money_52",
			"from": [2.25, 0, 15],
			"to": [2.5, 0.25, 15.25],
			"rotation": {"angle": 22.5, "axis": "y", "origin": [0, 0, 0]},
			"faces": {
				"north": {"uv": [5.5, 13, 5.25, 13.25], "texture": "#1"},
				"east": {"uv": [5.25, 13, 5.5, 13.25], "rotation": 90, "texture": "#1"},
				"south": {"uv": [5.25, 13, 5.5, 13.25], "texture": "#1"},
				"west": {"uv": [5.25, 13, 5.5, 13.25], "rotation": 270, "texture": "#1"},
				"up": {"uv": [5.25, 13, 5.5, 13.25], "texture": "#1"},
				"down": {"uv": [5.25, 13.25, 5.5, 13], "texture": "#1"}
			}
		}
	],
	"display": {
		"thirdperson_righthand": {
			"rotation": [110, 0, 0],
			"translation": [0, 7, 0]
		},
		"firstperson_righthand": {
			"rotation": [156, -89, 79],
			"translation": [0.25, 6, 7]
		}
	},
	"groups": [
		{
			"name": "money",
			"origin": [8, 8, 8],
			"color": 0,
			"children": [
				0,
				1,
				2,
				3,
				4,
				5,
				6,
				7,
				8,
				9,
				10,
				11,
				12,
				13,
				14,
				15,
				16,
				17,
				18,
				19,
				20,
				21,
				22,
				23,
				24,
				25,
				26,
				27,
				28,
				29,
				30,
				31,
				32,
				33,
				34,
				35,
				36,
				37,
				38,
				39,
				40,
				41,
				42,
				43,
				44,
				45,
				46,
				47,
				48,
				49,
				50,
				51,
				52
			]
		}
	]
}