{
	"credit": "Made with Blockbench",
	"texture_size": [64, 64],
	"textures": {
		"1": "qualityarmory:all/money10000texture"
	},
	"elements": [
		{
			"from": [4, 0, 8],
			"to": [12, 12, 9],
			"rotation": {"angle": 0, "axis": "y", "origin": [8.5, 4.5, 8.5]},
			"faces": {
				"north": {"uv": [2, 3, 7.5, 12.5], "texture": "#1"},
				"east": {"uv": [1.5, 3, 2, 12.5], "texture": "#1"},
				"south": {"uv": [8, 3, 13.75, 12.5], "texture": "#1"},
				"west": {"uv": [7.5, 3, 8, 12.5], "texture": "#1"},
				"up": {"uv": [7.25, 3, 2, 2.5], "texture": "#1"},
				"down": {"uv": [13.25, 2.5, 7.25, 3], "texture": "#1"}
			}
		}
	],
	"display": {
		"thirdperson_righthand": {
			"rotation": [-7, -2, -10],
			"translation": [0, 0, -2]
		},
		"thirdperson_lefthand": {
			"rotation": [-7, 1, 11],
			"translation": [-15, 0, -2]
		},
		"firstperson_righthand": {
			"rotation": [-20, -39, 34],
			"translation": [-3.5, 6.5, 3.25],
			"scale": [0.65, 0.65, 0.4]
		},
		"firstperson_lefthand": {
			"translation": [-9, 3, 0]
		},
		"ground": {
			"rotation": [0, 0, -23],
			"translation": [3.59, -0.94, 6.05]
		},
		"gui": {
			"rotation": [0, 0, 90],
			"translation": [-2, 0, 0]
		},
		"fixed": {
			"rotation": [-1, 3, -41],
			"translation": [12.28, 3.4, 10.39],
			"scale": [3.37, 3.37, 3.4]
		}
	}
}